{
  "project_info": {
    "project_number": "333176294914",
    "project_id": "quickrent4u",
    "storage_bucket": "quickrent4u.firebasestorage.app"
  },
  "client": [
    {
      "client_info": {
        "mobilesdk_app_id": "1:333176294914:android:9bdcaa86f31f0b4e52611b",
        "android_client_info": {
          "package_name": "in.flatnow.flatnow"
        }
      },
      "oauth_client": [
        {
          "client_id": "333176294914-dadakedm915h5krfo37h0kdp86l5cvse.apps.googleusercontent.com",
          "client_type": 1,
          "android_info": {
            "package_name": "in.flatnow.flatnow",
            "certificate_hash": "ee74ef6a41c632e3a43ab374cbb7ca8a8a2e20a5"
          }
        },
        {
          "client_id": "333176294914-nusbltfj219k3ou30dnqluvcqsvsr93d.apps.googleusercontent.com",
          "client_type": 3
        }
      ],
      "api_key": [
        {
          "current_key": "AIzaSyBuXzETiTTuexYTAxPdEJn2zjs4rOFH8vM"
        }
      ],
      "services": {
        "appinvite_service": {
          "other_platform_oauth_client": [
            {
              "client_id": "333176294914-nusbltfj219k3ou30dnqluvcqsvsr93d.apps.googleusercontent.com",
              "client_type": 3
            }
          ]
        }
      }
    }
  ],
  "configuration_version": "1"
}